frame,droplet_id,area_px,centroid_y,centroid_x,eccentricity,equivalent_diameter_px,perimeter_px,solidity,major_axis_px,minor_axis_px
0,1,6771950.0,1279.7724769084236,1637.6184607092491,0.5536312199428183,2936.3777915944816,716596.6172823745,0.7025156303620119,3728.4280431350676,3104.8930231645604
0,2,4.0,0.25,463.75,0.9128709291752769,2.256758334191025,3.2071067811865475,0.8,3.4641016151377544,1.4142135623730951
0,3,2.0,0.0,823.5,1.0,1.5957691216057308,0.0,1.0,2.0,0.0
0,4,1.0,0.0,970.0,0.0,1.1283791670955126,0.0,1.0,0.0,0.0
0,5,1.0,0.0,1341.0,0.0,1.1283791670955126,0.0,1.0,0.0,0.0
0,6,5.0,0.0,1894.0,1.0,2.5231325220201604,3.0,1.0,5.656854249492381,0.0
0,7,6.0,0.6666666666666666,2782.3333333333335,0.7527288942229057,2.763953195770684,4.621320343559642,0.6,4.4546660002330905,2.9326430520627245
0,8,770.0,13.04935064935065,3910.8792207792208,0.7998386559846294,31.311251163856024,312.90663761154804,0.55,53.270235348564434,31.973597778505326
0,9,2.0,2.0,822.5,1.0,1.5957691216057308,0.0,1.0,2.0,0.0
0,10,7.0,18.571428571428573,3923.8571428571427,0.9004503377814963,2.985410660720923,7.621320343559642,0.7777777777777778,4.9156144383100715,2.1380899352993947
0,11,14.0,22.357142857142858,1186.642857142857,0.6744196699555884,4.222008245644752,13.242640687119284,0.7368421052631579,5.732455410944979,4.232548306352718
0,12,2.0,24.5,2468.0,1.0,1.5957691216057308,0.0,1.0,2.0,0.0
0,13,2.0,28.0,3201.5,1.0,1.5957691216057308,0.0,1.0,2.0,0.0
0,14,1339.0,70.69529499626587,3915.517550410754,0.8213810448324488,41.29004420438882,726.3107499061545,0.4286171574903969,81.49970651729922,46.4857908001779
0,15,1.0,49.0,2090.0,0.0,1.1283791670955126,0.0,1.0,0.0,0.0
0,16,2.0,56.0,3248.5,1.0,1.5957691216057308,0.0,1.0,2.0,0.0
0,17,2.0,59.5,1066.0,1.0,1.5957691216057308,0.0,1.0,2.0,0.0
0,18,1.0,64.0,2648.0,0.0,1.1283791670955126,0.0,1.0,0.0,0.0
0,19,1.0,73.0,2799.0,0.0,1.1283791670955126,0.0,1.0,0.0,0.0
0,20,1.0,75.0,2799.0,0.0,1.1283791670955126,0.0,1.0,0.0,0.0
0,21,1.0,77.0,1175.0,0.0,1.1283791670955126,0.0,1.0,0.0,0.0
0,22,24.0,84.16666666666667,15.125,0.8269097824224445,5.527906391541368,18.27817459305202,0.8275862068965517,7.597367545327608,4.272262702997673
0,23,1.0,89.0,1464.0,0.0,1.1283791670955126,0.0,1.0,0.0,0.0
0,24,2.0,92.5,321.0,1.0,1.5957691216057308,0.0,1.0,2.0,0.0
0,25,1.0,94.0,2069.0,0.0,1.1283791670955126,0.0,1.0,0.0,0.0
0,26,4.0,96.0,322.0,0.0,2.256758334191025,5.656854249492381,0.8,2.8284271247461903,2.8284271247461903
0,27,1.0,96.0,2068.0,0.0,1.1283791670955126,0.0,1.0,0.0,0.0
0,28,3.0,96.66666666666667,2501.6666666666665,0.816496580927726,1.9544100476116797,3.414213562373095,1.0,2.3094010767585034,1.3333333333333333
0,29,1.0,103.0,3753.0,0.0,1.1283791670955126,0.0,1.0,0.0,0.0
0,30,1.0,111.0,1913.0,0.0,1.1283791670955126,0.0,1.0,0.0,0.0
0,31,1.0,113.0,95.0,0.0,1.1283791670955126,0.0,1.0,0.0,0.0
0,32,4.0,122.25,3411.0,0.7905694150420949,2.256758334191025,4.621320343559642,1.0,2.8284271247461903,1.7320508075688772
0,33,9.0,139.33333333333334,76.22222222222223,0.7540837734366003,3.385137501286538,8.82842712474619,0.8181818181818182,4.669516794266921,3.0668370434812893
0,34,1.0,139.0,79.0,0.0,1.1283791670955126,0.0,1.0,0.0,0.0
0,35,1088.0,174.94485294117646,3811.807904411765,0.7325442998508446,37.219411933450225,589.5229073212244,0.4147922226458254,64.28057279517706,43.75703045275689
0,36,1.0,146.0,1492.0,0.0,1.1283791670955126,0.0,1.0,0.0,0.0
0,37,1.0,146.0,1785.0,0.0,1.1283791670955126,0.0,1.0,0.0,0.0
0,38,1.0,148.0,1492.0,0.0,1.1283791670955126,0.0,1.0,0.0,0.0
0,39,25.0,158.28,3493.8,0.8460419477296441,5.641895835477563,23.69238815542512,0.5434782608695652,10.914572807756562,5.818737012804498
0,40,1.0,154.0,976.0,0.0,1.1283791670955126,0.0,1.0,0.0,0.0
0,41,2.0,161.0,1130.5,1.0,1.5957691216057308,0.0,1.0,2.0,0.0
0,42,5.0,169.8,2064.4,0.816496580927726,2.5231325220201604,5.207106781186548,1.0,3.098386676965933,1.7888543819998317
0,43,7.0,174.71428571428572,672.0,0.3779644730092273,2.985410660720923,6.82842712474619,1.0,3.0237157840738176,2.7994168488950604
0,44,318.0,198.07232704402514,3640.7830188679245,0.7180702303238734,20.12188299403865,154.61017305526642,0.6334661354581673,28.83485324651858,20.068211528900083
0,45,1.0,190.0,2745.0,0.0,1.1283791670955126,0.0,1.0,0.0,0.0
0,46,2.0,197.0,1989.5,1.0,1.5957691216057308,0.0,1.0,2.0,0.0
0,47,2.0,198.5,860.0,1.0,1.5957691216057308,0.0,1.0,2.0,0.0
0,48,1.0,201.0,2498.0,0.0,1.1283791670955126,0.0,1.0,0.0,0.0
0,49,1770.0,252.5864406779661,3680.4836158192093,0.8559272015118209,47.4724551101082,827.5361466505707,0.44517102615694165,90.78030700779632,46.942164574241076
0,50,1.0,209.0,3380.0,0.0,1.1283791670955126,0.0,1.0,0.0,0.0
0,51,963.0,257.3021806853583,3582.1640706126686,0.9291480896786408,35.01613458935697,438.5462479183374,0.5205405405405406,76.51341068951751,28.28760163896895
0,52,1.0,216.0,2163.0,0.0,1.1283791670955126,0.0,1.0,0.0,0.0
0,53,1.0,224.0,1575.0,0.0,1.1283791670955126,0.0,1.0,0.0,0.0
0,54,1.0,234.0,955.0,0.0,1.1283791670955126,0.0,1.0,0.0,0.0
0,55,1.0,235.0,952.0,0.0,1.1283791670955126,0.0,1.0,0.0,0.0
0,56,3.0,242.33333333333334,1191.6666666666667,0.816496580927726,1.9544100476116797,3.414213562373095,1.0,2.3094010767585034,1.3333333333333333
0,57,4.0,248.25,2656.75,0.9128709291752769,2.256758334191025,3.2071067811865475,0.8,3.4641016151377544,1.4142135623730951
0,58,2.0,253.5,2195.0,1.0,1.5957691216057308,0.0,1.0,2.0,0.0
0,59,2.0,263.0,763.5,1.0,1.5957691216057308,0.0,1.0,2.0,0.0
0,60,1.0,268.0,3231.0,0.0,1.1283791670955126,0.0,1.0,0.0,0.0
0,61,10.0,270.9,2736.8,0.6546536707079772,3.5682482323055424,8.207106781186548,0.9090909090909091,4.098780306383839,3.098386676965933
0,62,123.0,287.0,291.8455284552846,0.7767825483180382,12.514330345744634,83.97665940288702,0.5694444444444444,20.627005131583186,12.990246417519286
0,63,11.0,284.27272727272725,565.9090909090909,0.8696694471536168,3.742410318509555,10.242640687119286,1.0,5.196736578748782,2.565288636898107
0,64,3.0,283.6666666666667,280.3333333333333,0.816496580927726,1.9544100476116797,3.414213562373095,1.0,2.3094010767585034,1.3333333333333333
0,65,10.0,286.7,1962.1,0.9242537042511783,3.5682482323055424,7.414213562373095,0.6666666666666666,7.18811399176543,2.744269892227447
0,66,1.0,290.0,1461.0,0.0,1.1283791670955126,0.0,1.0,0.0,0.0
0,67,2.0,295.0,2765.5,1.0,1.5957691216057308,0.0,1.0,2.0,0.0
0,68,1041.0,331.55043227665703,3459.339097022094,0.8971994138528936,36.40662530459675,511.866053071732,0.4053738317757009,89.40360648282461,39.48292552612255
0,69,1.0,297.0,2373.0,0.0,1.1283791670955126,0.0,1.0,0.0,0.0
0,70,1.0,325.0,3153.0,0.0,1.1283791670955126,0.0,1.0,0.0,0.0
0,71,7.0,332.85714285714283,707.4285714285714,0.8339163421100155,2.985410660720923,7.863961030678928,0.7777777777777778,4.3036987575071395,2.375172059189387
0,72,1.0,334.0,3314.0,0.0,1.1283791670955126,0.0,1.0,0.0,0.0
0,73,392.0,357.23214285714283,1592.8852040816328,0.8866229421723908,22.34076770248023,209.75230867899734,0.45794392523364486,47.782173228377786,22.098919783572793
0,74,8.0,344.25,3456.625,0.747102836415358,3.1915382432114616,8.242640687119286,1.0,3.9722133299273006,2.6403638502198645
0,75,1.0,354.0,0.0,0.0,1.1283791670955126,0.0,1.0,0.0,0.0
0,76,198.0,370.87373737373736,3371.540404040404,0.8034387741318827,15.877702285203682,130.1543289325507,0.515625,27.3749018762411,16.298671196847774
0,77,9.0,376.1111111111111,2073.777777777778,0.7674222492933248,3.385137501286538,10.242640687119286,0.75,5.317652462965418,3.4093704479007654
0,78,4.0,381.25,1285.5,0.836165849461683,2.256758334191025,3.414213562373095,0.8,3.3957515919379726,1.8624905706743122
0,79,2.0,385.5,370.0,1.0,1.5957691216057308,0.0,1.0,2.0,0.0
0,80,200.0,410.685,3489.885,0.8531171045825466,15.957691216057308,123.36143571373725,0.5025125628140703,31.831996280055467,16.607372243270007
0,81,4.0,407.25,2929.0,0.7905694150420949,2.256758334191025,4.621320343559642,1.0,2.8284271247461903,1.7320508075688772
0,82,122.0,419.4754098360656,3592.032786885246,0.8955361695902903,12.463355264843006,82.39087296526012,0.4939271255060729,28.829392654277914,12.82875479566884
0,83,1.0,416.0,3074.0,0.0,1.1283791670955126,0.0,1.0,0.0,0.0
0,84,1.0,416.0,3076.0,0.0,1.1283791670955126,0.0,1.0,0.0,0.0
0,85,1357.0,443.2940309506264,3415.504053058217,0.6797538906787531,41.56664603026825,654.5117600329311,0.5003687315634219,66.47739667711365,48.75720060386677
0,86,1.0,418.0,3074.0,0.0,1.1283791670955126,0.0,1.0,0.0,0.0
0,87,7.0,421.42857142857144,2956.4285714285716,0.96014138283529,2.985410660720923,7.414213562373095,0.7777777777777778,5.719243150226765,1.5986131211250625
0,88,1.0,425.0,2954.0,0.0,1.1283791670955126,0.0,1.0,0.0,0.0
0,89,4.0,434.5,1003.25,0.836165849461683,2.256758334191025,3.414213562373095,0.8,3.3957515919379726,1.8624905706743122
0,90,283.0,449.1943462897527,3453.1590106007066,0.7650427078318356,18.982275710779543,143.9827560572969,0.6738095238095239,26.987137434068877,17.379164502719618
0,91,272.0,464.3970588235294,3573.518382352941,0.9556345232448954,18.609705966725112,135.26093065034894,0.6601941747572816,39.15693356227205,11.533871227289723
0,92,6.0,454.6666666666667,891.5,0.8703882797784891,2.763953195770684,6.414213562373095,1.0,3.8297084310253524,1.8856180831641272
0,93,1.0,455.0,839.0,0.0,1.1283791670955126,0.0,1.0,0.0,0.0
0,94,218.0,471.74311926605503,3341.908256880734,0.8918465313885925,16.66031874701878,117.5685424949238,0.6855345911949685,29.051017279934168,13.140882207972613
0,95,1435.0,506.38606271777,3332.3240418118467,0.767985657543501,42.744575640599805,644.8549057834388,0.5504411200613732,69.45597415501796,44.48426220346829
0,96,1.0,491.0,430.0,0.0,1.1283791670955126,0.0,1.0,0.0,0.0
0,97,11.0,494.45454545454544,2485.0,0.8567618005125942,3.742410318509555,10.035533905932738,0.7857142857142857,5.541548184182099,2.8578447788918346
0,98,3.0,498.0,2748.0,1.0,1.9544100476116797,1.0,1.0,3.265986323710904,0.0
0,99,2.0,509.5,472.0,1.0,1.5957691216057308,0.0,1.0,2.0,0.0
0,100,1.0,523.0,3388.0,0.0,1.1283791670955126,0.0,1.0,0.0,0.0
0,101,2858.0,586.1385584324703,3257.5979706088174,0.6382857419015324,60.32344999130185,1054.821463918559,0.4919951798932691,91.7764361886982,70.64945716278554
0,102,1.0,534.0,1093.0,0.0,1.1283791670955126,0.0,1.0,0.0,0.0
0,103,10.0,537.0,3337.4,0.8023410415544137,3.5682482323055424,9.449747468305834,0.7692307692307693,4.905749667443553,2.928074486821923
0,104,1.0,547.0,311.0,0.0,1.1283791670955126,0.0,1.0,0.0,0.0
0,105,8.0,555.0,2208.0,0.9101797211244547,3.1915382432114616,8.414213562373096,0.8888888888888888,5.226251859505506,2.164784400584788
0,106,1.0,558.0,2208.0,0.0,1.1283791670955126,0.0,1.0,0.0,0.0
0,107,3.0,559.6666666666666,2482.6666666666665,0.816496580927726,1.9544100476116797,3.414213562373095,1.0,2.3094010767585034,1.3333333333333333
0,108,1.0,588.0,1179.0,0.0,1.1283791670955126,0.0,1.0,0.0,0.0
0,109,1.0,592.0,1502.0,0.0,1.1283791670955126,0.0,1.0,0.0,0.0
0,110,23.0,600.8260869565217,305.5652173913044,0.6877933287177276,5.4115163798060095,17.071067811865476,0.71875,7.299569726046895,5.29880556500367
0,111,1.0,600.0,916.0,0.0,1.1283791670955126,0.0,1.0,0.0,0.0
0,112,1.0,600.0,918.0,0.0,1.1283791670955126,0.0,1.0,0.0,0.0
0,113,1.0,614.0,356.0,0.0,1.1283791670955126,0.0,1.0,0.0,0.0
0,114,1.0,617.0,3294.0,0.0,1.1283791670955126,0.0,1.0,0.0,0.0
0,115,850.0,642.0623529411764,3413.758823529412,0.682574719275549,32.897623212397704,318.2558800164656,0.7327586206896551,42.70195790736142,31.207266086952853
0,116,573.0,650.7155322862129,3367.497382198953,0.7816474969440023,27.010484244701136,320.8416664540925,0.5300647548566142,45.58392357619683,28.431624988537546
0,117,166.0,648.5783132530121,7.524096385542169,0.9303761037096705,14.538148590038452,113.63351365237939,0.5971223021582733,30.024662153690684,11.007235478822338
0,118,1.0,645.0,76.0,0.0,1.1283791670955126,0.0,1.0,0.0,0.0
0,119,1.0,648.0,2028.0,0.0,1.1283791670955126,0.0,1.0,0.0,0.0
0,120,447.0,667.3109619686801,3223.44966442953,0.7239851830744093,23.85661494212072,211.3380951166243,0.5615577889447236,36.6061013150828,25.251456894918004
0,121,2.0,649.5,3220.0,1.0,1.5957691216057308,0.0,1.0,2.0,0.0
0,122,1.0,651.0,1541.0,0.0,1.1283791670955126,0.0,1.0,0.0,0.0
0,123,4.0,657.25,575.0,0.7905694150420949,2.256758334191025,4.621320343559642,1.0,2.8284271247461903,1.7320508075688772
0,124,154.0,665.9545454545455,3443.1428571428573,0.7087239432634017,14.002817212590296,80.25483399593904,0.7586206896551724,18.40196041425353,12.982323828237714
0,125,4.0,659.0,2744.25,0.7905694150420949,2.256758334191025,4.621320343559642,1.0,2.8284271247461903,1.7320508075688772
0,126,2.0,659.5,2070.5,1.0,1.5957691216057308,0.0,1.0,2.8284271247461903,0.0
0,127,1.0,666.0,2793.0,0.0,1.1283791670955126,0.0,1.0,0.0,0.0
0,128,2.0,669.0,2218.5,1.0,1.5957691216057308,0.0,1.0,2.0,0.0
0,129,1.0,673.0,1363.0,0.0,1.1283791670955126,0.0,1.0,0.0,0.0
0,130,1.0,673.0,1763.0,0.0,1.1283791670955126,0.0,1.0,0.0,0.0
0,131,1.0,673.0,2471.0,0.0,1.1283791670955126,0.0,1.0,0.0,0.0
0,132,2.0,679.0,2730.5,1.0,1.5957691216057308,0.0,1.0,2.0,0.0
0,133,138.0,692.9492753623189,3315.1159420289855,0.802898158767751,13.255453865237978,93.79898987322332,0.47750865051903113,23.94181048215359,14.27210154249349
0,134,1.0,682.0,3311.0,0.0,1.1283791670955126,0.0,1.0,0.0,0.0
0,135,1.0,683.0,3306.0,0.0,1.1283791670955126,0.0,1.0,0.0,0.0
0,136,3.0,686.0,3140.3333333333335,0.97372313034591,1.9544100476116797,1.2071067811865475,0.75,3.677088528342677,0.8374020402130087
0,137,702.0,718.0014245014245,3219.8846153846152,0.5539400036843479,29.896724911001275,383.7411613907042,0.4727272727272727,47.660225507445375,39.67983473453659
0,138,2.0,693.5,1032.0,1.0,1.5957691216057308,0.0,1.0,2.0,0.0
0,139,1.0,707.0,1398.0,0.0,1.1283791670955126,0.0,1.0,0.0,0.0
0,140,9.0,710.8888888888889,1729.5555555555557,0.8113212411208897,3.385137501286538,7.82842712474619,0.8181818181818182,5.032046364179384,2.941737247057315
0,141,2.0,723.0,1492.5,1.0,1.5957691216057308,0.0,1.0,2.0,0.0
0,142,1.0,725.0,3220.0,0.0,1.1283791670955126,0.0,1.0,0.0,0.0
0,143,11.0,731.0,367.54545454545456,0.8008148024519071,3.742410318509555,8.621320343559642,0.8461538461538461,4.932603624091104,2.9541957835039856
0,144,1.0,732.0,648.0,0.0,1.1283791670955126,0.0,1.0,0.0,0.0
0,145,1.0,756.0,2513.0,0.0,1.1283791670955126,0.0,1.0,0.0,0.0
0,146,140.0,766.3071428571428,3282.1428571428573,0.6581275789125287,13.351162356249091,98.90559159102155,0.532319391634981,20.53069669752857,15.45769352240032
0,147,1.0,767.0,1614.0,0.0,1.1283791670955126,0.0,1.0,0.0,0.0
0,148,980.0,818.4785714285714,3356.0142857142855,0.8265948242227654,35.32385530828224,486.13813101037414,0.5664739884393064,60.53050606569547,34.066415904430855
0,149,1.0,792.0,3038.0,0.0,1.1283791670955126,0.0,1.0,0.0,0.0
0,150,124.0,800.5322580645161,3243.1774193548385,0.7768789025040417,12.565098628628435,75.11269837220809,0.5990338164251208,20.03218532195884,12.61326625700041
0,151,1.0,796.0,1826.0,0.0,1.1283791670955126,0.0,1.0,0.0,0.0
0,152,5.0,815.6,217.8,0.816496580927726,2.5231325220201604,5.207106781186548,1.0,3.098386676965933,1.7888543819998317
0,153,1.0,816.0,1572.0,0.0,1.1283791670955126,0.0,1.0,0.0,0.0
0,154,1.0,861.0,1912.0,0.0,1.1283791670955126,0.0,1.0,0.0,0.0
0,155,3.0,864.3333333333334,1333.3333333333333,0.816496580927726,1.9544100476116797,3.414213562373095,1.0,2.3094010767585034,1.3333333333333333
0,156,1.0,870.0,1331.0,0.0,1.1283791670955126,0.0,1.0,0.0,0.0
0,157,1.0,877.0,2884.0,0.0,1.1283791670955126,0.0,1.0,0.0,0.0
0,158,15.0,878.8,2890.133333333333,0.7942343677914087,4.370193722368317,10.621320343559644,0.6818181818181818,6.612910396978368,4.018080591164264
0,159,4.0,896.5,1052.0,0.9241763718304448,2.256758334191025,4.414213562373095,1.0,3.23606797749979,1.2360679774997898
0,160,195.0,905.8051282051282,682.9128205128205,0.7391933294952692,15.756957549709801,122.1543289325507,0.5718475073313783,24.548661550989344,16.53335901449501
0,161,9.0,897.7777777777778,2895.8888888888887,0.9099590527639176,3.385137501286538,9.65685424949238,0.8181818181818182,5.568872927174075,2.309401076758504
0,162,2.0,900.5,1050.5,1.0,1.5957691216057308,0.0,1.0,2.8284271247461903,0.0
0,163,5.0,905.6,2743.4,0.9182452525973077,2.5231325220201604,4.621320343559642,0.8333333333333334,4.207566805815682,1.6662477530661568
0,164,2.0,914.5,1443.5,1.0,1.5957691216057308,0.0,1.0,2.8284271247461903,0.0
0,165,5.0,920.6,2747.2,0.8164965809277259,2.5231325220201604,5.207106781186548,1.0,3.0983866769659336,1.788854381999832
0,166,130.0,931.5538461538462,2979.5615384615385,0.7332969265962959,12.865501965161373,86.94112549695427,0.6220095693779905,20.16290669334997,13.708932373141161
0,167,1.0,925.0,1382.0,0.0,1.1283791670955126,0.0,1.0,0.0,0.0
0,168,6.0,927.8333333333334,1382.1666666666667,0.7565019143903671,2.763953195770684,5.621320343559642,0.75,3.7841508342790218,2.4748023977420552
0,169,1.0,930.0,2568.0,0.0,1.1283791670955126,0.0,1.0,0.0,0.0
0,170,1.0,944.0,304.0,0.0,1.1283791670955126,0.0,1.0,0.0,0.0
0,171,1.0,959.0,1393.0,0.0,1.1283791670955126,0.0,1.0,0.0,0.0
0,172,1.0,965.0,205.0,0.0,1.1283791670955126,0.0,1.0,0.0,0.0
0,173,2.0,994.0,1519.5,1.0,1.5957691216057308,0.0,1.0,2.0,0.0
0,174,1.0,1008.0,2067.0,0.0,1.1283791670955126,0.0,1.0,0.0,0.0
0,175,117.0,1017.5384615384615,3054.675213675214,0.8254897804027339,12.205286835384658,61.31980515339464,0.7905405405405406,17.46400993753667,9.856985219504171
0,176,2.0,1015.0,2036.5,1.0,1.5957691216057308,0.0,1.0,2.0,0.0
0,177,1.0,1022.0,1247.0,0.0,1.1283791670955126,0.0,1.0,0.0,0.0
0,178,1370.0,1042.9408759124087,3260.6328467153285,0.9121463335912873,41.76527476609214,607.3279938488575,0.5269230769230769,87.46308917297617,35.848032144484925
0,179,1.0,1028.0,742.0,0.0,1.1283791670955126,0.0,1.0,0.0,0.0
0,180,2.0,1037.5,2907.0,1.0,1.5957691216057308,0.0,1.0,2.0,0.0
0,181,4.0,1041.0,3268.75,0.7905694150420949,2.256758334191025,4.621320343559642,1.0,2.8284271247461903,1.7320508075688772
0,182,1.0,1042.0,1638.0,0.0,1.1283791670955126,0.0,1.0,0.0,0.0
0,183,263.0,1055.5665399239545,3060.574144486692,0.6028854743734621,18.29923496393627,162.01828996322962,0.5126705653021443,29.61242682298484,23.625615606623704
0,184,3.0,1053.0,681.0,1.0,1.9544100476116797,1.0,1.0,3.265986323710904,0.0
0,185,1.0,1065.0,2473.0,0.0,1.1283791670955126,0.0,1.0,0.0,0.0
0,186,1.0,1069.0,523.0,0.0,1.1283791670955126,0.0,1.0,0.0,0.0
0,187,5.0,1106.4,2765.2,0.5093759074726717,2.5231325220201604,3.2071067811865475,0.7142857142857143,3.321307499404394,2.8581316439940507
0,188,1.0,1109.0,1289.0,0.0,1.1283791670955126,0.0,1.0,0.0,0.0
0,189,1.0,1117.0,1647.0,0.0,1.1283791670955126,0.0,1.0,0.0,0.0
0,190,10.0,1121.4,665.7,0.8703882797784892,3.5682482323055424,8.82842712474619,0.9090909090909091,5.138093031466052,2.529822128134703
0,191,1.0,1120.0,1788.0,0.0,1.1283791670955126,0.0,1.0,0.0,0.0
0,192,1.0,1124.0,1788.0,0.0,1.1283791670955126,0.0,1.0,0.0,0.0
0,193,458.0,1157.8471615720523,3152.768558951965,0.8077954722682114,24.148368712786887,246.6579002700189,0.6180836707152496,37.98154556131978,22.38871084956293
0,194,1.0,1146.0,1318.0,0.0,1.1283791670955126,0.0,1.0,0.0,0.0
0,195,4.0,1148.5,3021.0,0.9241763718304448,2.256758334191025,4.414213562373095,1.0,3.23606797749979,1.2360679774997898
0,196,744.0,1182.2123655913979,3116.3723118279568,0.9298339435284101,30.77808020788433,313.0071426749364,0.5141672425708362,62.46967927740949,22.987554983088103
0,197,14.0,1153.5714285714287,273.42857142857144,0.8907290861713243,4.222008245644752,12.656854249492381,0.8235294117647058,6.661958297919133,3.028090494841538
0,198,1.0,1160.0,604.0,0.0,1.1283791670955126,0.0,1.0,0.0,0.0
0,199,13.0,1162.4615384615386,609.3846153846154,0.7699719264617199,4.068428945128219,9.621320343559642,0.6842105263157895,5.937629973488005,3.7886696548469536
0,200,4.0,1161.0,1717.0,0.816496580927726,2.256758334191025,3.414213562373095,0.6666666666666666,3.4641016151377544,2.0
0,201,6.0,1164.8333333333333,576.1666666666666,0.9643078443532731,2.763953195770684,5.414213562373095,0.8571428571428571,5.39192040212807,1.4276923647012265
0,202,1.0,1163.0,605.0,0.0,1.1283791670955126,0.0,1.0,0.0,0.0
0,203,2.0,1163.5,2425.0,1.0,1.5957691216057308,0.0,1.0,2.0,0.0
0,204,1.0,1169.0,3135.0,0.0,1.1283791670955126,0.0,1.0,0.0,0.0
0,205,6.0,1191.8333333333333,2492.0,0.8624663809913528,2.763953195770684,5.414213562373095,0.75,4.330376161565604,2.1916655435763697
0,206,1.0,1211.0,3100.0,0.0,1.1283791670955126,0.0,1.0,0.0,0.0
0,207,1.0,1227.0,2676.0,0.0,1.1283791670955126,0.0,1.0,0.0,0.0
0,208,2.0,1228.0,808.5,1.0,1.5957691216057308,0.0,1.0,2.0,0.0
0,209,2.0,1229.5,3005.5,1.0,1.5957691216057308,0.0,1.0,2.8284271247461903,0.0
0,210,1.0,1246.0,845.0,0.0,1.1283791670955126,0.0,1.0,0.0,0.0
0,211,8.0,1254.25,2181.0,0.7950972173652757,3.1915382432114616,7.82842712474619,0.8888888888888888,4.100618600451318,2.4869513653533066
0,212,2.0,1254.0,2173.5,1.0,1.5957691216057308,0.0,1.0,2.0,0.0
0,213,1.0,1256.0,2176.0,0.0,1.1283791670955126,0.0,1.0,0.0,0.0
0,214,138.0,1272.2826086956522,749.1449275362319,0.8275503073710233,13.255453865237978,104.70458146424488,0.5207547169811321,24.72616711882116,13.881061644649286
0,215,2.0,1265.5,1839.0,1.0,1.5957691216057308,0.0,1.0,2.0,0.0
0,216,7.0,1266.5714285714287,2087.5714285714284,0.9081642662569636,2.985410660720923,7.207106781186548,0.875,4.71459177171839,1.9735940326311023
0,217,119.0,1276.3025210084033,1929.8487394957983,0.6803430753860853,12.309163489997376,81.07716446627535,0.5458715596330275,18.682639311181415,13.692390234515731
0,218,107.0,1275.0,3171.2803738317757,0.696363927148966,11.67204486311899,64.11269837220809,0.7588652482269503,14.880665000191103,10.679687305102894
0,219,1.0,1280.0,1805.0,0.0,1.1283791670955126,0.0,1.0,0.0,0.0
0,220,1.0,1282.0,1457.0,0.0,1.1283791670955126,0.0,1.0,0.0,0.0
0,221,3.0,1283.6666666666667,3168.3333333333335,0.816496580927726,1.9544100476116797,3.414213562373095,1.0,2.3094010767585034,1.3333333333333333
0,222,2.0,1284.5,3166.0,1.0,1.5957691216057308,0.0,1.0,2.0,0.0
0,223,4.0,1296.5,1127.5,0.0,2.256758334191025,4.0,1.0,2.0,2.0
0,224,5.0,1298.2,2061.2,0.8846517369293828,2.5231325220201604,4.0,0.7142857142857143,3.8366652186501753,1.7888543819998315
0,225,1.0,1297.0,2576.0,0.0,1.1283791670955126,0.0,1.0,0.0,0.0
0,226,896.0,1332.208705357143,3054.2444196428573,0.842854214095359,33.77606596515802,528.0315292925759,0.48197955890263583,63.60836775235691,34.23033197059513
0,227,2.0,1304.5,1324.5,1.0,1.5957691216057308,0.0,1.0,2.8284271247461903,0.0
0,228,1.0,1307.0,2255.0,0.0,1.1283791670955126,0.0,1.0,0.0,0.0
0,229,1.0,1312.0,1632.0,0.0,1.1283791670955126,0.0,1.0,0.0,0.0
0,230,16.0,1323.75,2427.625,0.5083541641390434,4.51351666838205,12.242640687119286,0.9411764705882353,4.837183752516743,4.165531580049303
0,231,1.0,1349.0,2409.0,0.0,1.1283791670955126,0.0,1.0,0.0,0.0
0,232,1.0,1369.0,1293.0,0.0,1.1283791670955126,0.0,1.0,0.0,0.0
0,233,1.0,1376.0,808.0,0.0,1.1283791670955126,0.0,1.0,0.0,0.0
0,234,5.0,1384.6,127.4,0.8546739508972284,2.5231325220201604,3.621320343559643,0.7142857142857143,4.60142906313903,2.388901541901524
0,235,1.0,1384.0,2314.0,0.0,1.1283791670955126,0.0,1.0,0.0,0.0
0,236,1.0,1384.0,2948.0,0.0,1.1283791670955126,0.0,1.0,0.0,0.0
0,237,490.0,1416.5714285714287,3017.681632653061,0.9286512063570489,24.977737626138797,276.1370849898476,0.42387543252595156,56.3542275378873,20.904831197302208
0,238,1.0,1412.0,1920.0,0.0,1.1283791670955126,0.0,1.0,0.0,0.0
0,239,1.0,1414.0,2222.0,0.0,1.1283791670955126,0.0,1.0,0.0,0.0
0,240,1.0,1416.0,1920.0,0.0,1.1283791670955126,0.0,1.0,0.0,0.0
0,241,1.0,1416.0,2220.0,0.0,1.1283791670955126,0.0,1.0,0.0,0.0
0,242,3.0,1418.0,2220.0,1.0,1.9544100476116797,1.0,1.0,3.265986323710904,0.0
0,243,1.0,1425.0,2452.0,0.0,1.1283791670955126,0.0,1.0,0.0,0.0
0,244,1.0,1427.0,2452.0,0.0,1.1283791670955126,0.0,1.0,0.0,0.0
0,245,1.0,1434.0,3.0,0.0,1.1283791670955126,0.0,1.0,0.0,0.0
0,246,2.0,1438.5,1642.0,1.0,1.5957691216057308,0.0,1.0,2.0,0.0
0,247,2.0,1454.5,2276.0,1.0,1.5957691216057308,0.0,1.0,2.0,0.0
0,248,1.0,1473.0,903.0,0.0,1.1283791670955126,0.0,1.0,0.0,0.0
0,249,6.0,1476.3333333333333,905.0,0.9377785624841896,2.763953195770684,4.207106781186548,0.75,5.193300304912204,1.80328981731197
0,250,1.0,1478.0,1283.0,0.0,1.1283791670955126,0.0,1.0,0.0,0.0
0,251,2.0,1481.5,2967.0,1.0,1.5957691216057308,0.0,1.0,2.0,0.0
0,252,2.0,1481.5,2969.0,1.0,1.5957691216057308,0.0,1.0,2.0,0.0
0,253,1.0,1484.0,2966.0,0.0,1.1283791670955126,0.0,1.0,0.0,0.0
0,254,2.0,1492.5,945.5,1.0,1.5957691216057308,0.0,1.0,2.8284271247461903,0.0
0,255,2.0,1499.0,204.5,1.0,1.5957691216057308,0.0,1.0,2.0,0.0
0,256,2.0,1501.0,2867.5,1.0,1.5957691216057308,0.0,1.0,2.0,0.0
0,257,1.0,1513.0,1592.0,0.0,1.1283791670955126,0.0,1.0,0.0,0.0
0,258,1.0,1528.0,154.0,0.0,1.1283791670955126,0.0,1.0,0.0,0.0
0,259,2.0,1532.0,3023.5,1.0,1.5957691216057308,0.0,1.0,2.0,0.0
0,260,31.0,1546.1935483870968,1536.5483870967741,0.890064288849741,6.282549314314218,27.520815280171306,0.5166666666666667,12.480805132419603,5.689188005897118
0,261,1.0,1542.0,2959.0,0.0,1.1283791670955126,0.0,1.0,0.0,0.0
0,262,1.0,1545.0,1808.0,0.0,1.1283791670955126,0.0,1.0,0.0,0.0
0,263,2.0,1551.0,990.5,1.0,1.5957691216057308,0.0,1.0,2.0,0.0
0,264,1.0,1553.0,989.0,0.0,1.1283791670955126,0.0,1.0,0.0,0.0
0,265,2025.0,1606.199012345679,16.40641975308642,0.7437541570735935,50.77706251929806,526.303607231218,0.6915983606557377,71.61229411330172,47.86947108282265
0,266,4.0,1591.75,43.5,0.9746687158738291,2.256758334191025,2.2071067811865475,0.8,4.680205767201096,1.046744465787899
0,267,5.0,1592.4,495.8,0.816496580927726,2.5231325220201604,5.207106781186548,1.0,3.098386676965933,1.7888543819998317
0,268,62.0,1600.3548387096773,88.56451612903226,0.698082947948759,8.884866446580956,39.83452377915607,0.6526315789473685,13.226494526015026,9.470393577882383
0,269,24.0,1597.9166666666667,3128.2916666666665,0.7341892249200461,5.527906391541368,18.899494936611664,0.75,7.237514880256523,4.91387384207645
0,270,88.0,1605.5,3134.9772727272725,0.7818122584902658,10.585134856802455,50.45584412271571,0.7213114754098361,14.856841378553229,9.263447216622613
0,271,756.0,1621.5899470899471,64.68650793650794,0.6853480000027251,31.025297674958463,330.32085117392114,0.5775401069518716,46.40214573594682,33.790771458068285
0,272,29.0,1607.9310344827586,93.96551724137932,0.8610722728598619,6.076507779746499,22.31370849898476,0.7631578947368421,9.288978446608166,4.72328378773659
0,273,1.0,1604.0,2140.0,0.0,1.1283791670955126,0.0,1.0,0.0,0.0
0,274,648.0,1628.1805555555557,2566.58024691358,0.7532752409795387,28.723844188903154,337.8416664540925,0.5364238410596026,47.12067232434716,30.991521289095548
0,275,1.0,1612.0,1762.0,0.0,1.1283791670955126,0.0,1.0,0.0,0.0
0,276,1.0,1615.0,2951.0,0.0,1.1283791670955126,0.0,1.0,0.0,0.0
0,277,1637.0,1643.5675015271838,3181.306047648137,0.7437003712565632,45.654059345598846,821.8143212436227,0.4907074340527578,74.8155665940836,50.01518595596326
0,278,4.0,1619.5,582.0,0.9241763718304448,2.256758334191025,4.414213562373095,1.0,3.23606797749979,1.2360679774997898
0,279,1.0,1621.0,2708.0,0.0,1.1283791670955126,0.0,1.0,0.0,0.0
0,280,1.0,1622.0,583.0,0.0,1.1283791670955126,0.0,1.0,0.0,0.0
0,281,6.0,1628.5,2255.6666666666665,0.8703882797784891,2.763953195770684,6.414213562373095,1.0,3.8297084310253524,1.8856180831641272
0,282,1.0,1643.0,3155.0,0.0,1.1283791670955126,0.0,1.0,0.0,0.0
0,283,1.0,1671.0,3028.0,0.0,1.1283791670955126,0.0,1.0,0.0,0.0
0,284,3.0,1672.3333333333333,2675.0,0.97372313034591,1.9544100476116797,1.2071067811865475,0.75,3.677088528342677,0.8374020402130087
0,285,8.0,1677.625,454.375,0.9244256754487012,3.1915382432114616,7.621320343559642,0.6666666666666666,6.705296373273752,2.5571469544321994
0,286,203.0,1687.2019704433499,3237.497536945813,0.910526876460711,16.07692842495848,118.11879502661797,0.5750708215297451,30.57866863762586,12.64274702562177
0,287,1.0,1694.0,251.0,0.0,1.1283791670955126,0.0,1.0,0.0,0.0
0,288,2717.0,1738.4950312845049,3225.4626426205373,0.8456721933003282,58.81659496303265,1133.0996385116111,0.49498997995991983,108.40237055577809,57.854634753652824
0,289,95.0,1716.8,2976.2736842105264,0.9137821469769007,10.998079684646791,65.94112549695429,0.5588235294117647,24.0534806422527,9.77063480280776
0,290,3.0,1713.0,153.66666666666666,0.97372313034591,1.9544100476116797,1.2071067811865475,0.75,3.677088528342677,0.8374020402130087
0,291,1.0,1714.0,2060.0,0.0,1.1283791670955126,0.0,1.0,0.0,0.0
0,292,3.0,1716.0,150.0,1.0,1.9544100476116797,1.0,1.0,3.265986323710904,0.0
0,293,21.0,1718.8095238095239,2831.2380952380954,0.8381963650315928,5.170882945826411,19.86396103067893,0.6,8.971078359582938,4.8925439830739785
0,294,190.0,1727.3368421052633,684.7157894736843,0.7514754824791605,15.553633450087505,132.39696961967,0.5900621118012422,24.031451941510092,15.855015167086465
0,295,4.0,1722.0,2143.5,1.0,2.256758334191025,2.0,1.0,4.47213595499958,0.0
0,296,10.0,1724.3,2983.4,0.7927761798330489,3.5682482323055424,7.414213562373095,0.9090909090909091,4.890328996215119,2.9807184215852436
0,297,1.0,1724.0,2757.0,0.0,1.1283791670955126,0.0,1.0,0.0,0.0
0,298,6.0,1727.6666666666667,1869.3333333333333,0.9109659701031063,2.763953195770684,6.621320343559642,0.8571428571428571,4.444176659884297,1.8331407275086025
0,299,10.0,1732.7,558.1,0.7155104500850997,3.5682482323055424,8.414213562373096,0.7692307692307693,4.751838107282308,3.319643746274546
0,300,1.0,1742.0,940.0,0.0,1.1283791670955126,0.0,1.0,0.0,0.0
0,301,1.0,1761.0,2810.0,0.0,1.1283791670955126,0.0,1.0,0.0,0.0
0,302,1.0,1776.0,7.0,0.0,1.1283791670955126,0.0,1.0,0.0,0.0
0,303,1.0,1779.0,2278.0,0.0,1.1283791670955126,0.0,1.0,0.0,0.0
0,304,1.0,1786.0,1698.0,0.0,1.1283791670955126,0.0,1.0,0.0,0.0
0,305,1.0,1791.0,1586.0,0.0,1.1283791670955126,0.0,1.0,0.0,0.0
0,306,286.0,1817.5594405594406,3090.6573426573427,0.9338015165850558,19.08262324195121,157.61017305526642,0.4888888888888889,41.344787024727374,14.792811642160652
0,307,3.0,1804.3333333333333,1043.6666666666667,0.816496580927726,1.9544100476116797,3.414213562373095,1.0,2.3094010767585034,1.3333333333333333
0,308,26.0,1812.6538461538462,3078.769230769231,0.7050327837096751,5.753627391751592,18.27817459305202,0.8125,7.309865289277007,5.183971620323118
0,309,1.0,1816.0,2338.0,0.0,1.1283791670955126,0.0,1.0,0.0,0.0
0,310,2.0,1818.5,2338.0,1.0,1.5957691216057308,0.0,1.0,2.0,0.0
0,311,1.0,1818.0,3080.0,0.0,1.1283791670955126,0.0,1.0,0.0,0.0
0,312,1.0,1827.0,1822.0,0.0,1.1283791670955126,0.0,1.0,0.0,0.0
0,313,1.0,1833.0,1023.0,0.0,1.1283791670955126,0.0,1.0,0.0,0.0
0,314,1.0,1835.0,557.0,0.0,1.1283791670955126,0.0,1.0,0.0,0.0
0,315,11.0,1839.2727272727273,1261.909090909091,0.982495304831392,3.742410318509555,10.82842712474619,0.7333333333333333,9.11414923405789,1.6978506890956198
0,316,5.0,1846.4,200.0,0.8366600265340756,2.5231325220201604,5.414213562373095,0.8333333333333334,3.5777087639996634,1.9595917942265426
0,317,116.0,1852.405172413793,3243.956896551724,0.8850298047439771,12.153015559492998,77.59797974644667,0.6628571428571428,21.130705899475842,9.837069746534295
0,318,1.0,1851.0,3232.0,0.0,1.1283791670955126,0.0,1.0,0.0,0.0
0,319,323.0,1865.3715170278638,2537.1640866873063,0.8734849505005949,20.279456919490165,114.39696961966999,0.7006507592190889,31.688112977948744,15.427394211861152
0,320,1.0,1858.0,400.0,0.0,1.1283791670955126,0.0,1.0,0.0,0.0
0,321,7118.0,1972.9907277325092,3234.5487496487776,0.8530141746265762,95.19936491082747,3085.894803240227,0.3605328470850428,212.77225953648704,111.04323462713786
0,322,1.0,1863.0,438.0,0.0,1.1283791670955126,0.0,1.0,0.0,0.0
0,323,165.0,1870.612121212121,3131.048484848485,0.9192788558196062,14.494292838262302,113.11879502661797,0.5481727574750831,30.435714511591677,11.97970698748071
0,324,113.0,1870.5663716814158,3352.83185840708,0.20838740953928467,11.994835078277376,71.2842712474619,0.653179190751445,13.95643145937225,13.650037024788434
0,325,2.0,1871.0,483.5,1.0,1.5957691216057308,0.0,1.0,2.0,0.0
0,326,2.0,1878.0,2515.5,1.0,1.5957691216057308,0.0,1.0,2.0,0.0
0,327,1.0,1884.0,2274.0,0.0,1.1283791670955126,0.0,1.0,0.0,0.0
0,328,1.0,1890.0,954.0,0.0,1.1283791670955126,0.0,1.0,0.0,0.0
0,329,1.0,1891.0,2065.0,0.0,1.1283791670955126,0.0,1.0,0.0,0.0
0,330,134.0,1906.858208955224,194.52985074626866,0.8112611888671922,13.061933202803933,71.31980515339464,0.638095238095238,20.597219643726756,12.042863071864598
0,331,2.0,1900.0,2924.5,1.0,1.5957691216057308,0.0,1.0,2.0,0.0
0,332,1.0,1902.0,3197.0,0.0,1.1283791670955126,0.0,1.0,0.0,0.0
0,333,1.0,1907.0,1637.0,0.0,1.1283791670955126,0.0,1.0,0.0,0.0
0,334,1.0,1908.0,2148.0,0.0,1.1283791670955126,0.0,1.0,0.0,0.0
0,335,7.0,1924.2857142857142,477.42857142857144,0.8213304250411614,2.985410660720923,7.621320343559642,0.7777777777777778,4.383621957530114,2.50064917342715
0,336,4.0,1945.5,360.0,1.0,2.256758334191025,2.0,1.0,4.47213595499958,0.0
0,337,1.0,1953.0,44.0,0.0,1.1283791670955126,0.0,1.0,0.0,0.0
0,338,1.0,1956.0,41.0,0.0,1.1283791670955126,0.0,1.0,0.0,0.0
0,339,16.0,1960.0,3090.125,0.7861555925677214,4.51351666838205,15.035533905932738,0.5517241379310345,8.058785362926889,4.980560056286374
0,340,1.0,1959.0,3014.0,0.0,1.1283791670955126,0.0,1.0,0.0,0.0
0,341,1.0,1971.0,1706.0,0.0,1.1283791670955126,0.0,1.0,0.0,0.0
0,342,1.0,1977.0,2802.0,0.0,1.1283791670955126,0.0,1.0,0.0,0.0
0,343,1.0,1990.0,2191.0,0.0,1.1283791670955126,0.0,1.0,0.0,0.0
0,344,1.0,1992.0,326.0,0.0,1.1283791670955126,0.0,1.0,0.0,0.0
0,345,1.0,2029.0,2872.0,0.0,1.1283791670955126,0.0,1.0,0.0,0.0
0,346,2.0,2029.5,2875.0,1.0,1.5957691216057308,0.0,1.0,2.0,0.0
0,347,1.0,2038.0,1098.0,0.0,1.1283791670955126,0.0,1.0,0.0,0.0
0,348,1.0,2043.0,109.0,0.0,1.1283791670955126,0.0,1.0,0.0,0.0
0,349,230.0,2057.478260869565,40.15652173913043,0.8880530926424374,17.112717355495807,138.67514421272202,0.5361305361305362,31.842145236559002,14.639136838509462
0,350,1.0,2050.0,755.0,0.0,1.1283791670955126,0.0,1.0,0.0,0.0
0,351,2.0,2050.5,2765.5,1.0,1.5957691216057308,0.0,1.0,2.8284271247461903,0.0
0,352,1.0,2051.0,2040.0,0.0,1.1283791670955126,0.0,1.0,0.0,0.0
0,353,1.0,2054.0,1472.0,0.0,1.1283791670955126,0.0,1.0,0.0,0.0
0,354,4.0,2062.25,703.75,0.9128709291752769,2.256758334191025,3.2071067811865475,0.8,3.4641016151377544,1.4142135623730951
0,355,1.0,2062.0,701.0,0.0,1.1283791670955126,0.0,1.0,0.0,0.0
0,356,104.0,2080.980769230769,342.1923076923077,0.8135400538001224,11.507254783503184,72.31980515339464,0.6011560693641619,18.491383701276927,10.752903878948306
0,357,6.0,2087.8333333333335,2981.3333333333335,0.8428330336030728,2.763953195770684,5.621320343559642,0.75,4.585014121699394,2.467540600461976
0,358,1.0,2087.0,3116.0,0.0,1.1283791670955126,0.0,1.0,0.0,0.0
0,359,1.0,2095.0,2639.0,0.0,1.1283791670955126,0.0,1.0,0.0,0.0
0,360,1.0,2095.0,2642.0,0.0,1.1283791670955126,0.0,1.0,0.0,0.0
0,361,1.0,2096.0,2644.0,0.0,1.1283791670955126,0.0,1.0,0.0,0.0
0,362,4.0,2098.0,2640.25,0.7905694150420949,2.256758334191025,4.621320343559642,1.0,2.8284271247461903,1.7320508075688772
0,363,538.0,2114.232342007435,3272.024163568773,0.822150736306866,26.17255958188877,253.1370849898476,0.5592515592515592,44.09648979865918,25.1028023141227
0,364,1.0,2104.0,1103.0,0.0,1.1283791670955126,0.0,1.0,0.0,0.0
0,365,1.0,2108.0,2978.0,0.0,1.1283791670955126,0.0,1.0,0.0,0.0
0,366,2.0,2119.5,3156.0,1.0,1.5957691216057308,0.0,1.0,2.0,0.0
0,367,1.0,2124.0,2484.0,0.0,1.1283791670955126,0.0,1.0,0.0,0.0
0,368,1.0,2125.0,2912.0,0.0,1.1283791670955126,0.0,1.0,0.0,0.0
0,369,515.0,2148.617475728155,3279.893203883495,0.4278568282060731,25.60699837034026,281.7289680818844,0.4413024850042845,39.30887693597957,35.52919168547901
0,370,189.0,2150.291005291005,1803.1746031746031,0.9177403742968953,15.512648837479231,110.70458146424487,0.5192307692307693,34.18534223058395,13.577762328389726
0,371,1.0,2148.0,252.0,0.0,1.1283791670955126,0.0,1.0,0.0,0.0
0,372,2.0,2150.0,254.5,1.0,1.5957691216057308,0.0,1.0,2.0,0.0
0,373,1.0,2155.0,1148.0,0.0,1.1283791670955126,0.0,1.0,0.0,0.0
0,374,1.0,2157.0,3045.0,0.0,1.1283791670955126,0.0,1.0,0.0,0.0
0,375,3.0,2162.0,2791.0,1.0,1.9544100476116797,1.0,1.0,3.265986323710904,0.0
0,376,1.0,2180.0,1475.0,0.0,1.1283791670955126,0.0,1.0,0.0,0.0
0,377,3.0,2181.3333333333335,2976.6666666666665,0.816496580927726,1.9544100476116797,3.414213562373095,1.0,2.3094010767585034,1.3333333333333333
0,378,4.0,2186.0,2801.25,0.7905694150420949,2.256758334191025,4.621320343559642,1.0,2.8284271247461903,1.7320508075688772
0,379,10.0,2190.1,1447.0,0.9741046120022226,3.5682482323055424,8.0,0.7692307692307693,7.494574520626023,1.694506640524969
0,380,2.0,2197.5,1328.0,1.0,1.5957691216057308,0.0,1.0,2.0,0.0
0,381,574.0,2223.0592334494772,3253.6724738675957,0.8368990338941866,27.034043328329254,344.69953083036154,0.40308988764044945,59.94869278217638,32.813354247602284
0,382,1.0,2207.0,3184.0,0.0,1.1283791670955126,0.0,1.0,0.0,0.0
0,383,4.0,2209.0,2572.5,1.0,2.256758334191025,2.0,1.0,4.47213595499958,0.0
0,384,1.0,2211.0,2852.0,0.0,1.1283791670955126,0.0,1.0,0.0,0.0
0,385,8.0,2212.25,2855.5,0.7359800721939873,3.1915382432114616,7.414213562373095,0.6666666666666666,4.898979485566356,3.3166247903554
0,386,1.0,2214.0,1184.0,0.0,1.1283791670955126,0.0,1.0,0.0,0.0
0,387,13.0,2217.6153846153848,1181.7692307692307,0.6937349032607188,4.068428945128219,11.449747468305832,0.7222222222222222,5.649513675247611,4.0689517095015155
0,388,1.0,2215.0,1186.0,0.0,1.1283791670955126,0.0,1.0,0.0,0.0
0,389,1.0,2218.0,2675.0,0.0,1.1283791670955126,0.0,1.0,0.0,0.0
0,390,1.0,2220.0,1689.0,0.0,1.1283791670955126,0.0,1.0,0.0,0.0
0,391,1.0,2235.0,1176.0,0.0,1.1283791670955126,0.0,1.0,0.0,0.0
0,392,1.0,2243.0,573.0,0.0,1.1283791670955126,0.0,1.0,0.0,0.0
0,393,3.0,2261.6666666666665,255.66666666666666,0.816496580927726,1.9544100476116797,3.414213562373095,1.0,2.3094010767585034,1.3333333333333333
0,394,3.0,2264.0,1976.0,1.0,1.9544100476116797,1.0,1.0,3.265986323710904,0.0
0,395,1.0,2267.0,82.0,0.0,1.1283791670955126,0.0,1.0,0.0,0.0
0,396,1.0,2268.0,87.0,0.0,1.1283791670955126,0.0,1.0,0.0,0.0
0,397,1.0,2268.0,2596.0,0.0,1.1283791670955126,0.0,1.0,0.0,0.0
0,398,1.0,2271.0,379.0,0.0,1.1283791670955126,0.0,1.0,0.0,0.0
0,399,1.0,2272.0,1546.0,0.0,1.1283791670955126,0.0,1.0,0.0,0.0
0,400,6.0,2277.8333333333335,1231.8333333333333,0.9643078443532731,2.763953195770684,5.414213562373095,0.8571428571428571,5.39192040212807,1.4276923647012265
0,401,626.0,2307.7667731629394,3396.2747603833864,0.685592918440534,28.2320377409108,335.8416664540925,0.4414668547249647,49.85465752968886,36.29344936624553
0,402,2.0,2278.5,403.0,1.0,1.5957691216057308,0.0,1.0,2.0,0.0
0,403,1.0,2278.0,3398.0,0.0,1.1283791670955126,0.0,1.0,0.0,0.0
0,404,1.0,2280.0,3398.0,0.0,1.1283791670955126,0.0,1.0,0.0,0.0
0,405,13.0,2283.3076923076924,2448.4615384615386,0.817967446083646,4.068428945128219,9.242640687119286,0.7647058823529411,5.9279240055095,3.410124301859826
0,406,4.0,2284.0,1994.5,1.0,2.256758334191025,2.0,1.0,4.47213595499958,0.0
0,407,405.0,2304.637037037037,2456.3135802469137,0.8580091812287678,22.708192698181442,202.75230867899737,0.5752840909090909,38.764178956962965,19.910613840229274
0,408,24.0,2297.0,1358.0,0.4907480107911538,5.527906391541368,16.899494936611667,0.9230769230769231,6.094161355073087,5.3098522306809155
0,409,1.0,2296.0,789.0,0.0,1.1283791670955126,0.0,1.0,0.0,0.0
0,410,1.0,2299.0,1516.0,0.0,1.1283791670955126,0.0,1.0,0.0,0.0
0,411,6.0,2307.0,1015.1666666666666,0.8703882797784891,2.763953195770684,6.207106781186548,0.8571428571428571,3.8297084310253524,1.8856180831641272
0,412,1.0,2314.0,1820.0,0.0,1.1283791670955126,0.0,1.0,0.0,0.0
0,413,1.0,2327.0,1888.0,0.0,1.1283791670955126,0.0,1.0,0.0,0.0
0,414,1.0,2328.0,1598.0,0.0,1.1283791670955126,0.0,1.0,0.0,0.0
0,415,1.0,2328.0,1600.0,0.0,1.1283791670955126,0.0,1.0,0.0,0.0
0,416,1.0,2331.0,151.0,0.0,1.1283791670955126,0.0,1.0,0.0,0.0
0,417,7.0,2337.714285714286,3406.285714285714,0.9190862167414559,2.985410660720923,7.414213562373095,0.875,4.634736211286691,1.826347935745029
0,418,131.0,2344.2824427480914,3397.7557251908397,0.9024719269450315,12.914889870235298,84.08326112068522,0.6683673469387755,23.08476466749938,9.943731794869938
0,419,7.0,2342.714285714286,2920.4285714285716,0.9428317101107506,2.985410660720923,6.035533905932738,0.5384615384615384,7.472541925517511,2.4903681450568005
0,420,1.0,2345.0,2741.0,0.0,1.1283791670955126,0.0,1.0,0.0,0.0
0,421,9.0,2348.4444444444443,759.8888888888889,0.9227520718214169,3.385137501286538,7.0,0.75,6.234487976473345,2.402734895874129
0,422,1.0,2355.0,112.0,0.0,1.1283791670955126,0.0,1.0,0.0,0.0
0,423,2.0,2360.0,143.5,1.0,1.5957691216057308,0.0,1.0,2.0,0.0
0,424,1.0,2363.0,143.0,0.0,1.1283791670955126,0.0,1.0,0.0,0.0
0,425,35.0,2368.4857142857145,786.5714285714286,0.8433301014788636,6.6755811781245455,25.52081528017131,0.7777777777777778,9.84612455114789,5.291266841945368
0,426,26.0,2384.3076923076924,3268.0384615384614,0.8650832774658045,5.753627391751592,22.692388155425117,0.6190476190476191,10.076163435641423,5.0544884503939596
0,427,3.0,2401.0,2178.0,1.0,1.9544100476116797,1.0,1.0,3.265986323710904,0.0
0,428,3.0,2404.3333333333335,2565.0,0.97372313034591,1.9544100476116797,1.2071067811865475,0.75,3.677088528342677,0.8374020402130087
0,429,12.0,2407.5833333333335,3326.5833333333335,0.8953677298815287,3.9088200952233594,11.485281374238571,0.8,6.314328617226266,2.8119445036229305
0,430,111.0,2416.189189189189,309.3063063063063,0.7362666896103839,11.888212206450685,76.24873734152916,0.5692307692307692,18.789027801974626,12.714375068085575
0,431,3.0,2421.3333333333335,2572.3333333333335,0.816496580927726,1.9544100476116797,3.414213562373095,1.0,2.3094010767585034,1.3333333333333333
0,432,3.0,2427.0,2341.0,1.0,1.9544100476116797,1.0,1.0,3.265986323710904,0.0
0,433,165.0,2436.357575757576,3390.2363636363634,0.9130982734542011,14.494292838262302,95.0477272147525,0.565068493150685,29.67313424177203,12.098910489459096
0,434,1.0,2430.0,1955.0,0.0,1.1283791670955126,0.0,1.0,0.0,0.0
0,435,1.0,2444.0,972.0,0.0,1.1283791670955126,0.0,1.0,0.0,0.0
0,436,1.0,2445.0,974.0,0.0,1.1283791670955126,0.0,1.0,0.0,0.0
0,437,2.0,2447.0,975.5,1.0,1.5957691216057308,0.0,1.0,2.0,0.0
0,438,1.0,2449.0,2852.0,0.0,1.1283791670955126,0.0,1.0,0.0,0.0
0,439,6.0,2452.0,3389.5,0.7905694150420949,2.763953195770684,6.0,1.0,3.265986323710904,2.0
0,440,2.0,2451.0,3393.5,1.0,1.5957691216057308,0.0,1.0,2.0,0.0
0,441,846.0,2485.044917257683,3707.3108747044917,0.8740525577324023,32.82012575914278,354.492424049175,0.45754461871281776,68.04668515176876,33.059214708612984
0,442,2.0,2455.5,2184.0,1.0,1.5957691216057308,0.0,1.0,2.0,0.0
0,443,1.0,2462.0,1748.0,0.0,1.1283791670955126,0.0,1.0,0.0,0.0
0,444,3.0,2464.0,1753.0,1.0,1.9544100476116797,1.0,1.0,3.265986323710904,0.0
0,445,3.0,2466.3333333333335,78.0,0.97372313034591,1.9544100476116797,1.2071067811865475,0.75,3.677088528342677,0.8374020402130087
0,446,1.0,2466.0,1752.0,0.0,1.1283791670955126,0.0,1.0,0.0,0.0
0,447,1.0,2484.0,1791.0,0.0,1.1283791670955126,0.0,1.0,0.0,0.0
0,448,3.0,2489.6666666666665,1593.0,0.97372313034591,1.9544100476116797,1.2071067811865475,0.75,3.677088528342677,0.8374020402130087
0,449,15.0,2496.6666666666665,2563.9333333333334,0.919038331265173,4.370193722368317,13.449747468305832,0.7894736842105263,7.581967184581775,2.9885701246085716
0,450,1.0,2495.0,1905.0,0.0,1.1283791670955126,0.0,1.0,0.0,0.0
0,451,2.0,2495.5,2928.0,1.0,1.5957691216057308,0.0,1.0,2.0,0.0
0,452,4480.0,2582.2109375,3519.622098214286,0.8124041334248269,75.52557951061037,1582.9179643685907,0.5705552725420275,127.98613434728053,74.62804701830193
0,453,156.0,2522.9615384615386,3651.6794871794873,0.9435130608378859,14.093451279891855,107.14823227814082,0.48297213622291024,36.30742086563765,12.029931445024184
0,454,1035.0,2535.8821256038646,3468.56231884058,0.6783925328153614,36.301555459799424,517.58787847868,0.5190571715145437,58.038931509979705,42.64118249731723
0,455,1.0,2511.0,3658.0,0.0,1.1283791670955126,0.0,1.0,0.0,0.0
0,456,28.0,2512.6428571428573,3678.6428571428573,0.7539340289213776,5.970821321441846,19.242640687119284,0.875,7.811159490054945,5.131542282436615
0,457,2654.0,2574.8643556895254,3689.070082893745,0.7976324876888721,58.130695434745334,1066.6437943888955,0.4074927068939045,112.62162765495445,67.92703376827768
0,458,2.0,2518.5,381.5,1.0,1.5957691216057308,0.0,1.0,2.8284271247461903,0.0
0,459,2.0,2520.0,3434.5,1.0,1.5957691216057308,0.0,1.0,2.0,0.0
0,460,6.0,2524.1666666666665,933.1666666666666,0.8993945820288322,2.763953195770684,5.621320343559642,0.75,5.110761136965345,2.2341064683662264
0,461,1.0,2540.0,1932.0,0.0,1.1283791670955126,0.0,1.0,0.0,0.0
0,462,2.0,2552.5,1062.0,1.0,1.5957691216057308,0.0,1.0,2.0,0.0
0,463,2.0,2552.0,1065.5,1.0,1.5957691216057308,0.0,1.0,2.0,0.0
0,464,2.0,2554.5,917.0,1.0,1.5957691216057308,0.0,1.0,2.0,0.0
0,465,2.0,2555.5,202.5,1.0,1.5957691216057308,0.0,1.0,2.8284271247461903,0.0
0,466,503.0,2570.324055666004,3613.2425447316105,0.7747236491389371,25.30690599424961,240.69343417595167,0.5683615819209039,38.525438867971246,24.35963430969553
0,467,1.0,2557.0,204.0,0.0,1.1283791670955126,0.0,1.0,0.0,0.0
0,468,19.0,2566.2631578947367,1168.3684210526317,0.9111336694693689,4.918490759365935,16.692388155425117,0.7916666666666666,8.053708086116396,3.319021302600162
0,469,1.0,2565.0,3552.0,0.0,1.1283791670955126,0.0,1.0,0.0,0.0
0,470,10.0,2568.6,3552.7,0.792776179833049,3.5682482323055424,7.414213562373095,0.9090909090909091,4.890328996215119,2.9807184215852427
0,471,3.0,2579.3333333333335,1128.0,0.97372313034591,1.9544100476116797,1.2071067811865475,0.75,3.677088528342677,0.8374020402130087
0,472,1.0,2579.0,2224.0,0.0,1.1283791670955126,0.0,1.0,0.0,0.0
0,473,1.0,2593.0,2468.0,0.0,1.1283791670955126,0.0,1.0,0.0,0.0
0,474,434.0,2612.8963133640555,3587.0069124423962,0.6949517595277789,23.507147049675353,164.29646455628165,0.6636085626911316,32.37746655944374,23.2812233194358
0,475,1.0,2600.0,3070.0,0.0,1.1283791670955126,0.0,1.0,0.0,0.0
0,476,164.0,2612.018292682927,3885.737804878049,0.8500629007220548,14.450303987687134,103.14823227814082,0.6212121212121212,25.54005215180992,13.451464791236848
0,477,240.0,2618.6458333333335,2419.625,0.9502075192173889,17.480774889473267,131.56244584051393,0.45714285714285713,46.0613933086807,14.353551314985234
0,478,22.0,2611.9545454545455,2424.7272727272725,0.8153299493717298,5.292567428401227,18.449747468305834,0.7586206896551724,8.261834717235072,4.783574288422612
0,479,2.0,2613.5,1799.0,1.0,1.5957691216057308,0.0,1.0,2.0,0.0
0,480,2.0,2614.5,1802.0,1.0,1.5957691216057308,0.0,1.0,2.0,0.0
0,481,37.0,2620.054054054054,3561.2162162162163,0.667837584591079,6.863662517577698,26.727922061357855,0.7551020408163265,8.923612640216886,6.641907655280177
0,482,1.0,2620.0,688.0,0.0,1.1283791670955126,0.0,1.0,0.0,0.0
0,483,1.0,2621.0,425.0,0.0,1.1283791670955126,0.0,1.0,0.0,0.0
0,484,3.0,2622.6666666666665,2448.3333333333335,0.816496580927726,1.9544100476116797,3.414213562373095,1.0,2.3094010767585034,1.3333333333333333
0,485,2.0,2622.5,2610.0,1.0,1.5957691216057308,0.0,1.0,2.0,0.0
0,486,5.0,2622.6,3891.2,0.8164965809277259,2.5231325220201604,5.207106781186548,1.0,3.0983866769659336,1.788854381999832
0,487,1.0,2623.0,2230.0,0.0,1.1283791670955126,0.0,1.0,0.0,0.0
0,488,1.0,2623.0,2858.0,0.0,1.1283791670955126,0.0,1.0,0.0,0.0
